User name,Password,Access key ID,Secret access key,Console login link
eks-cluster-creator,,AKIAQ6HSWTX7JGLH6MVW,Iz6R6u+kigr7mTNIazvraKi1rk7NYbo8PIE6dkTV,https://064933502462.signin.aws.amazon.com/console
eks-admin,,AKIAQ6HSWTX7DJWF6DCV,VFg6yo7OM3obangsD1Y55dC7caBHMIiEjVufc6vl,https://064933502462.signin.aws.amazon.com/console
eks-developer,,AKIAQ6HSWTX7LKOPAJOJ,QMMHiPv+cOXqGj4gRaIHxbDqqS/4Ladx4nn1h0Dc,https://064933502462.signin.aws.amazon.com/console
eks-super-admin,,AKIAQ6HSWTX7DSFKM44G,u/v8Rs+XvJqO+rofvbkcM0NA6rbyTsBp56lq4wi9,https://064933502462.signin.aws.amazon.com/console
eks-trainee,,AKIAQ6HSWTX7MKQ74C3D,EZpOsjWl0Zh1xcfOxVqIg9R2nghZlb4OS4SkBkoW,https://064933502462.signin.aws.amazon.com/console
